id,text,timestamp,entities,sentiment,theme
1,Need urgent help with delivery issues,2025-03-27T10:00:00,['delivery'],negative,customer service issue
2,"Product quality is great, fast shipping",2025-03-27T12:00:00,"['product quality', 'shipping']",positive,product review
3,Unusually high price for this item!!!,2025-03-27T14:00:00,"['price', 'item']",Negative,Consumer feedback on pricing
767c7dd4-89f6-4fd6-9b83-088e24d7e9fe,Require immediate assistance due to problems with shipping.,2025-04-03T21:59:16.024490,['shipping'],negative,assistance request
0d7fccaf-b97e-42d9-ab9d-4d2f5c7e7db0,"""The item is top-notch and arrived quickly.""",2025-04-03T21:59:16.408607,['item'],positive,customer experience
db0bd194-c979-4292-a413-f24147d4ff9c,"""This object's cost is exceedingly above the norm!""",2025-04-03T21:59:16.892083,"['object', 'cost', 'norm']",negative,pricing analysis
dcd4eb33-83b5-4fcc-b9bf-2d977f19826f,Require immediate assistance to resolve shipment problems.,2025-04-03T21:59:19.338611,"['shipment', 'assistance']",urgent,customer service problem
0f773b1f-0541-42a9-b71d-a49e8d80f506,The item arrives promptly and meets exceptionally high standards.,2025-04-03T21:59:19.829856,['item'],positive,evaluation
26d90cb6-2184-4e5f-b37a-9b80868d8cde,"""This product is unexpectedly pricey!!!""",2025-04-03T21:59:20.267474,['product'],negative,pricing/product cost
ee2ff798-c046-49fe-a398-7dea0f4b5656,Seeking immediate assistance with shipping complications.,2025-04-03T21:59:20.742043,"['assistance', 'shipping', 'complications']",urgent,request for help
298f4c0f-bd0d-46e5-a0af-ee8c44868b58,"The merchandise is superb, and it arrived in no time at all.",2025-04-03T21:59:21.395699,['merchandise'],positive,customer experience
35812ac1-f096-4c68-beba-d92a21cb6377,Astonishingly elevated cost for this product!!!,2025-04-03T21:59:21.974578,"['cost', 'product']",negative,Pricing
f9be9c0a-77d8-4c14-8e2a-1ae1d64d049b,Require immediate assistance with transportation problems.,2025-04-03T21:59:22.359968,['transportation'],negative,assistance request
aa89d878-0b70-41c6-b810-8938086a19d5,"The item excels in craftsmanship, and the delivery was remarkably speedy.",2025-04-03T21:59:23.127078,"['item', 'craftsmanship', 'delivery']",positive,product review
5bbfaa55-ce51-4369-b755-4da1c96a2462,The cost of this product is exceedingly steep!,2025-04-03T21:59:23.537409,"['product', 'cost']",negative,pricing
8a176c45-12a5-4c71-bb19-c3b3d763c4c5,Require immediate assistance with shipping troubles.,2025-04-03T21:59:24.025282,['shipping'],urgent,customer support
456568e7-ccf8-40fb-b0a1-e63bbf7c9ce8,The item is outstanding and was delivered at lightning speed.,2025-04-03T21:59:24.412450,['item'],positive,customer experience
8088f8aa-1ddd-4807-acf7-6652a9afa728,"""This item's cost is unexpectedly steep!""",2025-04-03T21:59:24.902358,"['item', 'cost']",negative,Cost
5f0dda87-5199-458f-a380-8ca9e8253c41,Urgently require assistance concerning difficulties with dispatch.,2025-04-03T21:59:25.834892,"['assistance', 'difficulties', 'dispatch']",negative,assistance with logistical issues
480efd40-6c3f-4b5d-96d4-f8954e679963,"The caliber of the item is outstanding, and the delivery speed was impressive.",2025-04-03T21:59:26.342147,"['item', 'delivery']",positive,quality and service
b9f886a5-7c3b-46e4-9b7c-ba4d742f7e3c,"""The cost of this product defies typical expectations!""",2025-04-03T21:59:26.817114,"['product', 'cost']",negative,pricing
3427b3d3-338f-4a9d-96f2-24170c82a1d5,Require immediate assistance to resolve delivery complications.,2025-04-03T21:59:27.227994,"['assistance', 'delivery', 'complications']",urgent,logistics issue
e40fe7c1-a8f1-4eea-92a2-78ab00292aa1,"The merchandise boasts exceptionally high standards, and delivery was swift!",2025-04-03T21:59:28.973287,"['merchandise', 'standards', 'delivery']",positive,product review
ff7c18a8-9b81-4612-a89a-10f63471c854,"This product is currently available at a remarkable cost, unlike any other!!!",2025-04-03T21:59:29.724500,"['product', 'cost']",positive,pricing comparison
4f1039ba-1ba0-4500-b0ba-f0cf141e1741,Immediate assistance required for problems with shipping!,2025-04-03T21:59:30.313578,"['assistance', 'problems', 'shipping']",urgent,customer service issue
e94dcde1-f045-4e5e-ae30-3cf752258381,"The item is top-notch, and the delivery speed is impressive.",2025-04-03T21:59:31.512916,"['item', 'delivery speed']",positive,customer experience
46058546-bc2e-4d82-a7c9-af1c0c100f92,"""The cost for this product is exceptionally steep!!!""",2025-04-03T21:59:32.507081,"['product', 'cost']",negative,pricing
a2d4e837-4d00-421d-ad0e-025e50674abf,I require immediate assistance with problems concerning shipments.,2025-04-03T21:59:33.001914,"['assistance', 'problems', 'shipments']",urgent,logistics issue
fac2951d-11fa-45e1-8577-4f24fe05d80c,"The item craftsmanship is superb, and the delivery was remarkably swift.",2025-04-03T21:59:33.471478,"['item', 'craftsmanship', 'delivery']",positive,product review
0149442f-365f-4246-be30-a82d033e9dc2,This article is priced significantly above its ordinary value!,2025-04-03T21:59:33.884030,['article'],negative,pricing
5337c118-0999-4adc-ba5d-50b3e40bea4e,In dire need of assistance with shipment problems.,2025-04-03T21:59:34.312935,"['shipment', 'shipment problems']",negative,logistics
50532e0d-072a-4bf4-93e2-b61ebd0cd1c2,"The item impresses with outstanding craftsmanship, and its delivery sets the gold standard for speed.",2025-04-03T21:59:34.978722,"['item', 'craftsmanship', 'delivery']",positive,product excellence
14eb4b94-f44f-4833-8dc7-de00ecfa4adf,This product is listed at an unexpectedly steep cost!,2025-04-03T21:59:38.909670,"['product', 'cost']",negative,price concerns
